id,smiles,notes,params_json
233243,C1=CN=CC=C1CCC(=O)O,,
233244,CCOC(=O)C1=CNC2=C(C1=O)C3=CC=CC=C3C=C2,,
233262,C1=CC(=C(N=C1)Br)C(=O)O,,
233283,CC(=O)C1=CC(=C(C=C1)OC)N,,
233299,CC(=O)O[C@@H]1[C@H]2COC(=O)[C@H]2[C@@H](C3=CC4=C(C=C13)OCO4)C5=CC(=C(C(=C5)OC)OC)OC,,
233332,COC1=CC=C(C=C1)C=CC(=O)C=CC=CC2=CC=CC=C2,,
233380,CCCCCC1=C2C(=CC(=C1)O)OC(=O)C3=C(C=C(C=C3O2)O)C(=O)CCCC,,
233390,CC(=O)OC1=CC2=C(C(=C1)OC(=O)C)C(=O)C(=C(O2)C3=CC=C(C=C3)OC)OC,,
233392,C1=CNC=C(C1=O)N,,
233398,COC1=CC=C(C=C1)C(=O)CC#N,,
233402,CC(=O)C(C1=CC=CC=C1)C(=O)C,,
233466,C1C2C=CC1C(C2C3=CC=CC=C3)C(=O)O,,
233485,C(C(=O)O)NC(=O)CCl,,
233487,C(CCO)CC(C(=O)O)N,,
233538,C1C(=O)N(C(=S)S1)C2=CC=C(C=C2)C(=O)O,,
233551,CC(=O)CC1=NC2=CC=CC=C2N1,,
233582,C1=C(OC(=C1)Br)[N+](=O)[O-],,
233586,C1=CC(=CC=C1C(=O)C=O)Br,,
233589,C(CBr)C(=O)N,,
233601,C1=CC=C(C=C1)NC(=O)NC2=CC=C(C=C2)[N+](=O)[O-],,
233768,CC1CC(CC(C1=O)C(CC2CC(=O)NC(=O)C2)O)(C)OC(=O)C,,
233815,C1CC2(C3=CC=CC=C31)C(=O)NC(=O)N2,,
233830,CCOC(=O)NC(=O)CCl,,
233833,CCOC(=O)NC1=CC(=C(C=C1)[As](=O)(O)O)O,,
233840,C1=CC=C(C=C1)CC(=O)C2=CC=C(C=C2)Cl,,
233871,CC(=O)NC1=CC=C(C=C1)C2=NC3=CC=CC=C3S2,,
233890,C1=C(NC(=O)NC1=O)C(F)(F)F,,
233979,C1=CC(=CC=C1C(=O)NCCO)Cl,,
234037,C1=CC=C(C=C1)C2=CC(=O)C2(Cl)Cl,,
234102,C[C@@H]1CC[C@@]2(CC[C@@]3(C(=CC(=O)[C@H]4[C@]3(CC[C@@H]5[C@@]4(CC[C@@H](C5(C)C)OC(=O)C)C)C)[C@@H]2[C@H]1C)C)C(=O)O,,
234105,CC(=O)N[C@H]1CCC2=CC(=C(C(=C2C3=CC=C(C(=O)C=C13)O)OC)OC)OC,,
234159,CN(C)C1=CC=C(C=C1)C(=O)C(C2=CC=CC=C2Cl)O,,
234183,CCOC(=O)C1(CC1)C(=O)C,,
234237,CCCCCCC(CCOC(=O)C)O,,
234240,C1COCCN1CCNC(=O)NC2=CC(=CC=C2)Cl,,
234245,C1=CC=C(C=C1)CNC(=O)NC2=C(C=CC(=C2)Cl)Cl,,
234274,C1=CC=C2C(=C1)C(=O)N(C2=O)CCCl,,
234290,CCOC(=O)CCCC(C)C,,
234339,C1CC(CN(C1)C(=O)OCC2=CC=CC=C2)C(=O)O,,
234345,CC(C)N(C(C)C)C(=O)C1=CC=NC=C1,,
234402,C1=CC(=CC=C1N)S(=O)(=O)C2=CC=C(C=C2)NCN3C(=O)C(=O)C(=O)NC3=O,,
234510,C1=CC=C(C=C1)C(=O)CC2=CC=C(C=C2)[N+](=O)[O-],,
234512,C1=CC=C2C(=C1)C3=CC=CC=C3C24C(=O)NC(=O)N4,,
234556,COC1=COC(=CC1=O)CO,,
234562,COC1=CC=CC2=C1OC(=O)C(=C2)C(=O)O,,
234566,CN1CC2CC(C1)C3=CC=CC(=O)N3C2,,
234620,C1=C(C(=O)NC(=O)N1)S(=O)(=O)Cl,,
234679,CCC(=O)NCCC1=CC(=C(C=C1)OC)OC,,
234680,CCCC(=O)NCCC1=CC(=C(C=C1)OC)OC,,
234722,C1=CC2=CC(=O)NN=C2C=C1,,
234744,C1=CC(=C(C=C1NC(=O)CCl)Cl)Cl,,
234745,CCC(=O)NC1=CC(=C(C=C1)C)Cl,,
234754,CCCC1(C(=O)NC(=O)N1)CCC,,
234768,C1=CC=C(C=C1)C2C(=O)NC3=CC=CC=C3S2,,
234836,CCC(=O)C1=C(C=C(C=C1)OC)O,,
234846,CC1C2CN3CCC4=C(C3CC2C(=CO1)C(=O)OC)NC5=CC(=C(C=C45)OC)OC,,
234849,C1=CC=C(C=C1)C2=C(C=CO2)C(=O)O,,
234853,C1=C(OC(=C1)Cl)C(=O)O,,
234866,CC1(C(=O)NC(=O)N1)C2=CC=C(C=C2)F,,
234873,COC1=CC=CC2=CC(=C(C(=C2C1=O)OC)OC)OC,,
234887,CN(C1=CC=CC=C1)C(=O)C=C,,
234911,COC(=O)C1=CN=C(C=C1)C(=O)OC,,
234934,C1C(=O)N2C3=CC=CC=C3N=C2S1,,
234937,C1=CC=C2C(=C1)NC(=O)C(S2)CC(=O)O,,
234955,CCOC(=O)NC1=C(N(C(=O)N(C1=O)C)C)N,,
235044,CCOC(=O)C1=CNC=C1C,,
235046,CC(=O)CN1C(=O)C2=CC=CC=C2C1=O,,
235144,CCOC(=O)CCCCCCCCCCBr,,
235188,CC1=C(C=C(C=C1)O)C(=O)O,,
235240,C1=CC(=C(C=C1C2C(C(=O)C3=CC(=C(C=C3O2)O)O)O)O)O,,
235259,C1=CC(=CC=C1NC(=O)C(F)(F)F)S(=O)(=O)N,,
235271,C1=CC=C2C(=C1)C3=C(C2=O)C=CC(=C3)N,,
235275,CCOC(=O)NC1=CN=CC=C1,,
235284,CC1(C2CC(=O)C3(C(C24COC(=O)CC4O1)CCC5(C36C(O6)C(=O)OC5C7=COC=C7)C)C)C,,
235295,CN1C(=NC2=C1C(=O)N(C(=O)N2C)C)CO,,
235307,CC1=C(C=C(C=C1)NC(=O)OC)NC(=O)OC,,
235402,CC(=O)C1=CC=C(C=C1)NC(=O)CSC(=O)N,,
235414,C1CCCCCCCOC(=O)CCCCCC1,,
235434,CCNC(=O)N1CCN(CC1)C(=O)NCC,,
235453,C1=CC=C(C=C1)C(=O)CC(C2=CNC3=CC=CC=C32)C(=O)O,,
235516,CNC(=O)C1=CC=C(C=C1)N,,
235527,CN(C)C(=O)C1=CC=C(C=C1)N,,
235531,CCC1(C(=O)NC(=O)N1)C2=CC=C(C=C2)F,,
235533,C1CC(CC2=CC=CC=C21)(C(=O)O)N,,
235647,C1=CC(=CC=C1CC2=CC=C(C=C2)NC(=O)CCl)NC(=O)CCl,,
235651,COC(=O)C1=C(C(=CC(=C1)Cl)[N+](=O)[O-])O,,
235672,C[C@]12CC[C@H]3[C@H]([C@@H]1CC[C@@H]2O)CCC4=C3CCC(=O)C4,,
235711,CCCCCCCCCCCC#CCCCCC(=O)O,,
235713,C1=CC(=C(C=C1N)[N+](=O)[O-])C(=O)O,,
235717,C1C(=O)C2=C(O1)C=C(C=C2)O,,
235719,C1=CC(=C(C=C1CC(C(=O)O)N)[N+](=O)[O-])O,,
235761,CC(=O)NCCNS(=O)(=O)C1=CC=CC=C1,,
235802,C1=CN=C(N=C1)NC(=O)C2=CC=C(C=C2)[N+](=O)[O-],,
235809,C1CCC(CC1)C(=O)N2CCN(CC2)C(=O)C3CCCCC3,,
235850,CCC(CC)C(=O)N,,
235913,COC1=CC=C(C=C1)C(CC(=O)O)C(=O)O,,
235965,C1=CC=C(C(=C1)C(=O)O)NS(=O)(=O)C2=CC=C(C=C2)N,,
236018,C1=CC2=C(C=C1Br)C(=O)NC2=O,,
236021,CC1=CC(=CC(=C1N)C)C(=O)O,,
236032,C1=CC(=C(C=C1S(=O)(=O)C2=CC(=C(C=C2)O)C=O)C=O)O,,
236181,C1=NNC(=O)C(=C1Br)Br,,
236183,C1=C(C(=O)NC(=O)N1C2C(C(C(O2)CO)O)O)Br,,
236184,C1C(C(OC1N2C=C(C(=O)NC2=O)Br)CO)O,,
236206,C1=CN=C(C=C1C(=O)NN)Cl,,
236212,C1=CC=C(C=C1)CC2=CNC(=O)NC2=O,,
236222,C1=CC=C(C(=C1)NC(=O)NC2=CC=CC=C2Cl)Cl,,
236229,CCCCNC(=O)NC1=CC=C(C=C1)Cl,,
236234,CC(=O)OC(CCl)CCl,,
236268,CC1=C(N=C2C=C(C=CC2=N1)C(=O)O)C,,
236270,CC(=O)CCCN1C(=O)C2=CC=CC=C2C1=O,,
236275,C1=CC=C2C(=C1)N=C(C(=N2)C3=CC=CO3)C4=CC=CO4,,
236334,C1CC(=O)N(C1=O)CCO,,
236346,CC(C(=O)O)SC(=S)SC(C)C(=O)O,,
236349,C1=CC=C(C=C1)CC(=O)CCl,,
236415,CC(=C)[C@@H]1CC[C@]2([C@H]1[C@H]3CC[C@@H]4[C@]5(CC[C@@H](C([C@@H]5CC[C@]4([C@@]3(CC2)C)C)(C)C)OC(=O)C)C)COC(=O)C,,
236417,C[C@H]1C[C@H]2[C@@H]3CC[C@@H]([C@]3(CC[C@@H]2[C@@]4(C1=CC(=O)CC4)C)C)O,,
236431,CC(=O)NC1=CC=C(C2=CC=CC=C21)Br,,
236456,CC(C1=CC=CC=C1)OC(=O)C2=CC=CC=C2,,
236501,C1=CC(=CC=C1C(=O)N)OC2=CC=C(C=C2)C(=O)N,,
236536,CC1=C2CC[C@H]3[C@@H]4CC[C@@H]([C@]4(CC[C@@H]3[C@]2(CCC1=O)C)C)O,,
236541,CCN1C(=O)C2=CC=CC=C2S1(=O)=O,,
236547,CC1(CCC(=O)C2=CC=CC=C21)C,,
236566,C1=CC2=C(C=C1F)C(=O)C(=O)N2,,
236591,C1=CSC(=C1)CC(C(=O)O)C(=O)O,,
236618,C1C(OC2=C(C1=O)C=C(C=C2)Cl)C3=CC=CC=C3,,
236619,COC1=CC=C(C=C1)C2CC(=O)C3=C(O2)C=CC(=C3)OC,,
236636,COC(=O)C1=CC=[N+](C=C1)[O-],,
236652,C1COCCN1C2=C(C(=O)C3=CC=CC=C3C2=O)Cl,,
236653,COCCCNC1=C(C(=O)C2=CC=CC=C2C1=O)Cl,,
236654,CC(C)OCCCNC1=C(C(=O)C2=CC=CC=C2C1=O)Cl,,
236666,C[C@]12CC[C@H]3[C@H]([C@@H]1CC[C@@H]2O)CC[C@@H]4[C@@]3(C=CC(=O)C4)C,,
236701,C1=CC=C(C=C1)C(=O)C(=O)C2=CC=C(C=C2)Br,,
236702,C[C@@H]1C[C@H]2[C@@H]3CCC4=CC(=O)C=C[C@@]4([C@]3([C@H](C[C@@]2([C@]1(C(=O)COC(=O)C)O)C)O)F)C,,
236716,C1=CC=C(C=C1)C(=O)NCC2=CC=CO2,,
236730,CC1=C(C=C(C=C1)NC(=O)CCl)Cl,,
236735,COC(=O)C1=CC=C(C=C1)NC(=O)CCl,,
236742,CCOC(=O)C1=CC=CC=C1NC(=O)CCl,,
236783,CC(=O)C1=CC=C(C=C1)OC2=CC=CC=C2,,
236787,C1=CC(=CC=C1N2C(=O)C=CC2=O)[N+](=O)[O-],,
236788,COC1=CC=C(C=C1)N2C(=O)C=CC2=O,,
236790,C1=CC(=CC(=C1)[N+](=O)[O-])N2C(=O)C=CC2=O,,
236791,CC1=C(C(=CC=C1)C)N2C(=O)C=CC2=O,,
236793,CN(C)C1=CC=C(C=C1)N2C(=O)C=CC2=O,,
236871,CN1C2=C3C(=CC1=O)C4=CC=CC=C4C(=O)C3=C(C=C2)N,,
236926,CN1C2=CC=CC=C2C(=CC1=O)Cl,,
236984,COC(=O)C1=CC(=NC=C1)N,,
236985,C1=CN=C(C=C1C(=O)O)Cl,,
237026,C1C(CC(=O)NC1=O)C(=O)O,,
237032,CN(C)CC(CC(=O)O)O,,
237056,C1=CC=C(C=C1)N2C(=CC=N2)C(=O)O,,
237101,C1CN(CCN1C2=C(C(=O)C3=CC=CC=C3C2=O)Cl)C4=C(C(=O)C5=CC=CC=C5C4=O)Cl,,
237102,CN1CCN(CC1)C2=C(C(=O)C3=CC=CC=C3C2=O)Cl,,
237108,C1CC(=O)C2=C(C1=O)C=CC=C2O,,
237186,C[C@@H]1C[C@]2([C@@H](CC[C@@H]3[C@@H]2CC[C@]4([C@H]3CC[C@]4(C)O)C)CC1=O)C,,
237296,C1=CC=C(C=C1)C2(C3=CC=CC=C3C(=O)O2)C4=CC=CC=C4,,
237332,C1=C(OC(=C1)C=O)CO,,
237396,CC1=C(NC2=CC=CC=C2C1=O)C,,
237402,COC1=CC2=C(C=C1)N=C(C=C2C(=O)O)C3=CC=CC=C3,,
237413,C1[C@H]([C@@H]1C(=O)O)C2=CC=CC=C2,,
237430,CN1C=NC2=C1C(=O)N(C(=O)N2C)CC=C,,
237478,C1=CC(=CC=C1C(=O)NC2=CC=C(C=C2)Cl)Cl,,
237479,C1=CC=C(C(=C1)C(=O)NC2=CC=C(C=C2)[N+](=O)[O-])C(=O)O,,
237481,C1=CC=C(C(=C1)C(=O)NC2=CC=CC=C2[N+](=O)[O-])C(=O)O,,
237490,C1=CC=C(C=C1)CCNC2=C(C(=O)C3=CC=CC=C3C2=O)Cl,,
237509,C1=CC(=O)N(C1=O)CCN2C(=O)C=CC2=O,,
237515,CCCCCCC(=O)C(=O)CCCCCC,,
237517,C1=CC=C2C(=C1)C=CC=C2N3C(=O)C=CC3=O,,
237560,CC1(C(=O)N(C(=O)N1)C)C,,
237561,CC(=O)CCC1=CC(=C(C=C1)OC)OC,,
237573,COC(=O)C1=CC=C(C=C1)S,,
237575,C1CN(CCN1C(=O)CCl)C(=O)CCl,,
237591,CC1=NC2=CC=CC=C2C(=O)N1N,,
237619,C[C@@H]1[C@@H]2CC[C@]3(C=CC(=O)C(=C3[C@H]2OC1=O)C)C,,
237621,CC1=C(C=CC(=C1)OC)CCCC(=O)O,,
237657,CC(CC(=O)O)C(C(=O)O)N,,
237729,CC1=C(C=C(C=C1)NC(=O)CNC2CCCCC2)Cl,,
237756,C1=CC(=CC=C1SCCC(=O)O)Cl,,
237806,COC1=CC=C(C=C1)C(=O)CCl,,
237811,C1=CC(=CC(=C1)[N+](=O)[O-])NC(=O)NC2=CC(=CC=C2)[N+](=O)[O-],,
237822,C1=CC=C(C=C1)C=C2C(=O)C3=CC=CC=C3C2=O,,
237827,C1=C(C(=C(C(=C1I)O)I)C=O)I,,
237845,COC(=O)C1=CC(=CC(=N1)C(=O)OC)Cl,,
237953,CC1=CN(C(=O)NC1=O)CC2=CC=CC=C2,,
237962,C1=CC=C(C=C1)CN2C=CC(=O)NC2=O,,
237963,CN1CCC(=O)NC1=O,,
237964,CN1CC(C(=O)NC1=O)Br,,
238005,COC(=O)C1=CN=C(S1)N,,
238009,C1=CC=C(C(=C1)C(=O)NC2=CC=C(C=C2)Cl)C(=O)O,,
238065,C1=CC=C2C(=C1)C(=O)C(C2=O)C3=CC=CC=N3,,
238112,CCOC(=O)CC(=O)N,,
238201,CCOC(=O)C1=CC=C(C=C1)C2=CC=CC=C2,,
238296,C1=CC=C(C=C1)C(=O)C(F)(F)Cl,,
238298,C1=CN=CC=C1C(=O)CC(=O)C(F)(F)F,,
238389,CC(=O)C(C(F)(F)F)(F)F,,
238418,C1=CC=C(C=C1)C(=O)C(C(F)(F)F)(F)F,,
238424,C1=CC=C(C=C1)C(=O)C(C(C(F)(F)F)(F)F)(F)F,,
238448,C1=CC=C(C=C1)C(=O)CC(=O)C2=CC=CC=N2,,
238498,CCCC(=O)CC(=O)OCC,,
238499,CC(=O)CCN1CCOCC1,,
238518,CC(C1=CC=CC=C1)C(=O)C2=CC=CC=C2,,
238546,C1CCC(CC1)N2CC(CC2=O)C(=O)O,,
238598,C1=CC=C(C=C1)SC2=CC=C(C=C2)C(=O)O,,
238604,CC(=O)C1=CC=C(C=C1)OC2=CC=C(C=C2)[N+](=O)[O-],,
238623,C1=CC=C(C=C1)C(=O)C2=CC=C(C=C2)OC3=CC=CC=C3,,
238626,C1=CC=C(C=C1)C2=CC=C(C=C2)C(=O)C3=CC=C(C=C3)[N+](=O)[O-],,
238669,CC(=O)OC1=CC=CC(=C1)C(=O)O,,
238721,C1=CC=C(C=C1)C(=O)NCC(=O)N,,
238773,C1=CC=C(C=C1)C2C(=O)C(C(=O)C2=O)C3=CC=CC=C3,,
238782,C1C(OC2=CC(=CC(=C2C1=O)O)O)C3=CC=CC=C3,,
238795,COC1=CC(=O)C(=C(C1=O)OC)OC,,
238797,CC(C)C1=CC(=O)C(=CC=C1CC=C(C)C)O,,
238899,C1CCC(CC1)NC(=O)NC2=CC=C(C=C2)Cl,,
238900,C1=CC=C(C(=C1)NC(=O)NC2=CC(=CC=C2)Cl)Cl,,
238932,C1=CC(=NC=C1C(=O)O)Br,,
238935,C1=CC(=C(C=C1C(=O)O)Br)N,,
238939,C1=CC2=C(C=C1[N+](=O)[O-])C=C(S2)C(=O)O,,
238946,CC1=CC(=O)OC2=CC(=C(C=C12)O)OC,,
238957,CC(C)(C)OOC(=O)C1=CC=CC=C1C(=O)OOC(C)(C)C,,
238958,C1CCN(CC1)C2=CC3=C(C=C2)C(=O)C4=CC=CC=C4C3=O,,
238964,C(C1C(=O)N=C(S1)N)C(=O)O,,
238965,CCC1=CC(=O)CCC1,,
238995,CCCC(C1=CC=CC=C1)C(=O)O,,
239006,CCOC(=O)CNC(=O)CC1=CC=CC=C1,,
239062,CCOC(C(=O)C1=CC=C(C=C1)C2=CC=CC=C2)NC3=CC=C(C=C3)C(=O)O,,
239086,COC(=O)C(CO)C1=CC=CC=C1,,
239233,C1C(NC(=O)NC1=O)C2=CC=CC=C2,,
239248,CCCCCC(=O)NCC(C)C,,
239336,C1=C(C=C(C=C1[N+](=O)[O-])Br)C(=O)O,,
239342,C1=C(C=C(C=C1N)[N+](=O)[O-])C(=O)O,,
239360,C1=C(N=CN=C1C(=O)O)C(=O)O,,
239425,CC12CCC3C(C1CCC2=O)CCC4C3(CC=CC4)C,,
239427,CC(=O)OCC1CC2CC1C=C2,,
239511,C1=CSC(=C1)C(=O)NO,,
239512,C1=CC=C(C=C1)C(C2=CC=CC=C2)C(=O)NO,,
239525,C1=CC=C(C=C1)NC(=O)NC2=CC=CC3=CC=CC=C32,,
239526,C1=CC=C(C=C1)NC(=O)NC2=CC3=CC=CC=C3C=C2,,
239538,CCOC(=O)C1=NN(C=C1O)C2=CC=CC=C2,,
239539,CCOC(=O)C1=CNOC1=O,,
239576,C1=CC(=O)N(C1=O)CCCCN2C(=O)C=CC2=O,,
239577,C1=CC(=O)N(C1=O)C2=CC(=CC(=C2)C(=O)O)N3C(=O)C=CC3=O,,
239578,C1=CC(=O)N(C1=O)CCCCCCCCCCN2C(=O)C=CC2=O,,
239595,C[C@]12CCC(=O)C=C1CC[C@@H]3C2=CC[C@]4([C@H]3CCC4=O)C,,
239710,C1=COC(=C1)CNC(=O)NC2=CC=C(C=C2)[N+](=O)[O-],,
239727,C1CC2C3C(C1O2)C(=O)NC3=O,,
239728,C1=CC=C2C(=C1)C(=O)N(S2(=O)=O)CC#N,,
239730,C1=CC=C2C(=C1)C(=O)N(S2(=O)=O)CCCC#N,,
239775,C1(=O)NNC(=O)N1N,,
239780,CCCCN1C(=O)C=CC1=O,,
239794,C1=CC=C2C(=C1)C(=O)C(=C(C2=O)Cl)NC3=CC=C(C=C3)S(=O)(=O)NC4=CC=CC=N4,,
239828,CN(C)CCC(=O)O,,
239867,CC(=O)[C@H]1C[C@H](C1(C)C)CC(=O)O,,
239940,C1=COC(=C1)CNC(=O)NC2=CC=C(C=C2)Br,,
239941,C1=CC(=CC(=C1)[N+](=O)[O-])NC(=O)NCC2=CC=CO2,,
239963,CC(=O)NC1=C(C=CC(=C1)Cl)C(=O)O,,
239990,CC1(C2=CC=CC=C2C(=O)O1)C3=CC=CC=C3,,
239996,CC(C)(C)OC(=O)CN1C(=O)C2=CC=CC=C2C1=O,,
240039,C1CCC(CC1)C(=O)NN,,
240040,C1CCC(C1)C(=O)NN,,
240052,COC1=C(C(=CC(=C1)C=O)Cl)OC,,
240078,CCCCCCCCCCCCOC(=O)C(Cl)(Cl)Cl,,
240093,C1=CC=C2C(=C1)C(=O)C=C(O2)C3=CC=CS3,,
240119,CC(C)CC(=O)OC(C)(CCC=C(C)C)C=C,,
240121,CC1CCC2C13CCC(C(C3)C2(C)C)(C)OC(=O)C,,
240122,C[C@H]1CC[C@H](CC2=C1CC[C@@H]2C)C(C)(C)OC(=O)C,,
240137,C1CC2=CC=CC=C2N(C1)C(=O)CCl,,
240161,C1CCC(CC1)C(=O)NCC2=CC=CO2,,
240163,C1=CC=C(C=C1)OCC(=O)NCC2=CC=CO2,,
240358,C1=CC(=CC=C1C(=O)CCCl)O,,
240404,C1=CC=C(C=C1)NC(=O)CCCl,,
240430,CC1=CC(=C(C=C1)Cl)C(=O)O,,
240431,CC(=O)C1=CC=CC=C1I,,
240437,CC1=C(C(=CC=C1)C(=O)C)O,,
240439,COC(=O)C1=CC(=C(C=C1)C(=O)OC)O,,
240446,COC1=C(C2=C(C=C1)C(=O)CC2)OC,,
240459,COC1=C(C=C(C=C1)CCCCC(=O)O)OC,,
240461,C1CC2=C(C(=O)C1)C3=CC=CC=C3C=C2,,
240530,C1=C(N=C(N=C1Cl)Cl)C(=O)O,,
240767,C[C@H]1C[C@H]2[C@@H]3CC[C@@]([C@]3(C[C@@H]([C@@]2([C@@]4(C1=CC(=O)C=C4)C)F)O)C)(C(=O)C)OC(=O)C,,
240796,CC(=O)NCC#C,,
241011,C1=CC=C(C=C1)C2=NC(=CC(=O)N2)O,,
241014,CC(C)NC(=O)C1=CC=C(C=C1)C(C)(C)C,,
241025,CC1CC(CC(=O)O1)O,,
241027,CC(=O)N(CC=C)CC=C,,
241129,C1=CC=C(C=C1)C=C2C(=O)NC(=O)NC2=O,,
241139,COC1=CC=CC2=C1C3=CC=CC=C3C2=O,,
241166,C1=CC=C(C(=C1)CSC2=NC=CC(=O)N2)Cl,,
241186,C1=CC=C(C=C1)CSC2=NC=CC(=O)N2,,
241240,CCC(=O)OC1=CC=C(C=C1)OCC2=CC=CC=C2,,
241331,C1=CC2=C(C=C1Cl)NC(=O)C2=O,,
241440,C1=C(C(=O)NC(=O)N1)N(CCO)CCO,,
241444,C1=CC=C2C(=C1)C(=O)N(C2=O)CC[Se]C#N,,
241446,C1(=C(C(=O)NNC1=O)Cl)Cl,,
241543,C[C@]12C[C@H]([C@H]3[C@H]([C@@H]1CC[C@@H]2O)CCC4=CC(=O)C=C[C@]34C)O,,
241583,CC(C(=O)C1=CC=CC=C1)OC2=CC=CC=C2,,
241587,CC(=O)OC1=CC=C(C=C1)CC(=O)O,,
241588,CCOC(=O)C(CCC(C(=O)OCC)Br)Br,,
241608,C1=CC=C2C(=C1)N=C(S2)C=O,,
241610,CC1=C(C=C(C=C1)NC=O)C,,
241616,C1=CC=C(C=C1)NCN2C(=O)C3=CC=CC=C3C2=O,,
241632,CC1=C(C=CC(=C1)N)C(=O)O,,
241689,C1=CC=C(C(=C1)C=NNC(=O)CCCCC(=O)NN=CC2=CC=CC=C2O)O,,
241725,C1=CC=C(C=C1)C(=O)N(C2=CC=CC=C2)NC3=CC=CC=C3,,
241752,C1=CC(=CC(=C1)C(=O)O)CCl,,
241783,CC(=O)CC1(C(=CC(=O)C=C1OC)OC)O,,
241786,C1=CC=C2C(=C1)C(=O)C=C(O2)C3=CN=CC=C3,,
241868,COC1=CC=C(C=C1)CC(=O)N,,
241902,CC[C@@]1(C[C@@H]2C[C@@](C3=C(CCN(C2)C1)C4=CC=CC=C4N3)(C5=C(C=C6C(=C5)[C@]78CCN9[C@H]7[C@@](C=CC9)([C@H]([C@@]([C@@H]8N6C)(C(=O)OC)O)OC(=O)C)CC)OC)C(=O)OC)O.OS(=O)(=O)O,,
241903,CC[C@@]1(C[C@@H]2C[C@@](C3=C(CCN(C2)C1)C4=CC=CC=C4N3)(C5=C(C=C6C(=C5)[C@]78CCN9[C@H]7[C@@](C=CC9)([C@H]([C@@]([C@@H]8N6C)(C(=O)OC)O)OC(=O)C)CC)OC)C(=O)OC)O,,
241936,C1CC2C(=O)NC(=O)N2C1,,
241949,COC(=O)C1(CCCCC1)O,,
242027,C1=CN(C=C1)CC(=O)O,,
242039,C1=CC=C(C=C1)C(CC(=O)C2=CC=CC=C2)C(=O)O,,
242043,COC1=CC=C(C2=CC=CC=C21)CC3=CC=CC=C3C(=O)O,,
242065,C1C(OC2=CC=CC=C2C1=O)C3=CC=C(C=C3)Cl,,
242169,CCOC(=O)C1=CC(=CN1)[N+](=O)[O-],,
242236,CC1=CC=C(C=C1)NCC(=O)O,,
242400,CC(=O)NC1=C(C=C(C=C1)Br)C2=CC=CC=C2,,
242436,CC(=O)N[C@H]1CCC2=CC(=C(C(=C2C3=C1C=C(C=C3)O)OC)OC)OC,,
242452,CC1=NN(C=C1)C(=O)N,,
242486,COC1=CC=C(C=C1)C2CC(=O)C3=C(C(=C(C=C3O2)OC)OC)OC,,
242591,C1=CC(=C(C=C1O)O)C=NNC(=O)C2=CC=NC=C2,,
242620,C1=CC=C(C(=C1)C2=NC3=CC=CC=C3S2)C(=O)O,,
242624,C1=C[N+](=CC(=C1[N+](=O)[O-])C(=O)O)[O-],,
242637,C1=CC=C(C=C1)N2C(=O)C3=CC=CC=C3NC2=O,,
242640,CC1=CC=C(C=C1)CC(=O)N,,
242704,CCCCCCCOC(=O)C(Cl)(Cl)Cl,,
242706,CCCCCCCCOC(=O)C(Cl)(Cl)Cl,,
242721,C1=CC(=O)NC(=C1)C(=O)O,,
242723,COC(=O)C1=NC(=CC=C1)Cl,,
242779,CC(=O)C1=CC=C(C=C1)N=C=S,,
242793,CCOC(=O)C1=CC(=C(C=C1)N)Br,,
242829,CC1=CC(=C(C=C1)F)C(=O)O,,
242867,C1=CC=C2C(=C1)C(=CN2)CC3C(=O)NC(=O)N3,,
242888,C1=CC=C(C=C1)C(=O)NC2=CC(=CC=C2)F,,
242889,C1=CC=C(C=C1)C(=O)NC2=CC=C(C=C2)F,,
242891,C1=CC=C(C=C1)NC(=O)C2=CC(=CC=C2)F,,
242911,CC(CCC(=O)O)(C1=CC(=C(C=C1)O)CN2CCOCC2)C3=CC(=C(C=C3)O)CN4CCOCC4,,
242935,C1CC(=O)NN=C1C2=CC=CC=C2,,
243003,COC(=O)C1=CC=CC=C1C=O,,
243025,C1=CC(=C(C=C1[N+](=O)[O-])C(=O)O)Br,,
243038,C1=CC=C(C=C1)C(=O)CN2C(=O)C3=CC=CC=C3C2=O,,
243249,C1=CC(=C(C=C1Cl)Cl)N2C(=O)C=CC2=O,,
243251,C1=CC=C2C=C(C=CC2=C1)N3C(=O)C=CC3=O,,
243274,CCOC(=O)C(=C(C1=CC=CC=C1)C2=CC=CC=C2)C#N,,
243296,C1=CC=C(C=C1)CCN2C(=O)C=CC2=O,,
243329,CC1(C(=O)NC(=O)N1)C2=CC(=CC=C2)Cl,,
243332,CC1(C(=O)NC(=O)N1)C2=CC(=CC=C2)Br,,
243349,C1CSC(S1)C(=O)O,,
243378,C1=CC=C(C=C1)C(=O)NNS(=O)(=O)C2=CC=CC=C2,,
243391,C1=CC=C(C=C1)NC2=NC3=CC=CC=C3O2,,
243415,CC(C)C(=O)N(C)C,,
243417,CCOC(C(=O)C)OCC,,
243570,C1=CN=C(NC1=O)C(F)(F)F,,
243573,CC1=C(C=CC=C1Cl)N2C(=O)C=CC2=O,,
243574,CC1=CC(=CC(=C1)N2C(=O)C=CC2=O)C,,
243581,COC1=CC=CC=C1NC=O,,
243584,CC(=O)NC1=CC(=C(C=C1OC)Cl)OC,,
243670,CCCCC(C)OC(=O)CCC,,
243675,CCCC(=O)OCC1=CC=C(C=C1)OC,,
243691,CCCCCCCCCCCCOC(=O)C(C)C,,
243701,CCCCCCCCCCCCCCCCCC(=O)CCCCCCCCCCCCCCC,,
243723,CC1(C=CC2=C(O1)C=C(C3=C2OC4COC5=CC(=C(C=C5C4C3=O)OC)OC)O)C,,
243725,CC(C)[C@H]1CC2=C(O1)C=CC3=C2O[C@@H]4COC5=CC(=C(C=C5[C@@H]4C3=O)OC)OC,,
243748,C[C@H]1C[C@H]2[C@@H]3CC[C@@]([C@]3(C[C@@H]([C@@H]2[C@@]4(C1=CC(=O)CC4)C)O)C)(C(=O)C)O,,
243760,COC1=CC=C(C=C1)C2=CC(=O)C3=C(C(=C(C=C3O2)OC)O)OC,,
243761,CC(=O)[C@H]1[C@@H](C[C@@H]2[C@@]1(CC[C@H]3[C@H]2CCC4=CC(=O)CC[C@]34C)C)O,,
243779,COC(=O)[C@@H]1CCCC[C@@H]1C(=O)O,,
243783,CCCC(=O)OC1CCCCC1,,
243793,CCCCCOC(=O)C1=CC=C(C=C1)OC,,
243912,CN1C(=O)C2C3CC(C2C1=O)C=C3,,
243972,CCCCCCN(CCCCCC)C(=O)C,,
244075,CCOC(=O)C1=CC=C(C=C1)NC(=O)CCl,,
244078,C1=CC=C(C=C1)CN2C=CC=CC2=O,,
244082,C1=CC=C(C=C1)NCCC(=O)O,,
244113,C1=CC=C2C(=C1)C(=O)C(=NNC(=O)C3=CC=NC=C3)C2=O,,
244143,C1=CC=C(C=C1)COC(=O)NCC#N,,
244154,CC1=C(C2=C(N1CC3=CC=CC=C3)C=CC(=C2)OC)CC(=O)N,,
244160,CC(=O)NC1=CC(=C(C=C1)OC)OC,,
244162,CC1=CC=C(C=C1)C(=O)CCC(=O)O,,
244240,C1CC(=CC2=CC=CO2)C(=O)C(=CC3=CC=CO3)C1,,
244297,CC1C(=O)CCC2C1(CCC3C2(CCC4(C3(CCC5(C4CC(CC5)(C)C)C)C)C)C)C,,
244436,CC1=C(C(=CC=C1)Cl)NC=O,,
244537,C1=CC=C2C(=C1)C(=C(C#N)C#N)C(=O)N2,,
244562,CCOC(=O)C1CC1C2=CC=C(C=C2)OC,,
244634,C1=CC(=CC=C1C2=CSC(=O)N2)Cl,,
244663,CCCCCCNC=O,,
244694,CC1(C2=CC=CC=C2C3=CC=CC=C3C1=O)C,,
244746,C1=CC=C(C=C1)C2=C(OC(=O)C3=CC=CC=C32)C4=CC=CC=C4,,
244756,CC1=C(C=CO1)C(=O)O,,
244830,C1=CC=C(C=C1)N2N=CC(=N2)C=O,,
244867,C1CC12C(=O)NC(=O)NC2=O,,
244872,C(CCCCCCCCCCC(=O)O)CCCCCCCCCC(=O)O,,
244896,C(C(=O)O)(C(F)(F)F)O,,
244898,CC(=O)N[C@H]1CCC2=CC(=C(C(=C2C3=C1[C@H]4[C@@H]3C=C(C4=O)OC)OC)OC)OC,,
244968,C1=CC(=CC=C1C(=O)CSC#N)Br,,
244989,CC1=C(C(=O)C2=C(C1=O)N3CC4C(C3(C2COC(=O)N)OC)N4C)N,,
245005,CCN1C[C@@]2([C@@H](C[C@@H]([C@@]34[C@@H]2[C@H]([C@@H](C31)[C@@]5([C@@H]6[C@H]4C[C@@]([C@@H]6OC(=O)C7=CC=CC=C7)([C@H]([C@@H]5O)OC)O)OC(=O)C)OC)OC)O)COC,,
245038,C1(=O)C2([C@]3(C4([C@]2(C5(C1(C3(C5(C4(Cl)Cl)Cl)Cl)Cl)Cl)Cl)Cl)Cl)Cl,,
245226,CC(=O)C1=CC=C(C=C1)OCC2=CC=CC=C2,,
245297,C1=CC(=CC=C1C(=O)NO)N,,
245423,CCCCCC(=O)OCCO,,
245489,COC1=CC2=C(C=C1)C3=CC=CC=C3C2=O,,
245494,COC(=O)C1=C(C=CC(=C1)[N+](=O)[O-])Br,,
245495,COC(=O)C1=C(C=CC(=C1)N)Br,,
245503,CCOC(=O)C1=C(C(=C(S1)C(=O)OCC)O)O,,
245552,CC1=NN(C(=O)C2=CC=CC=C12)C3=CC=CC=C3,,
245554,COC1=CC=C(C=C1)C(=O)CCC2=CC=CC=C2,,
245562,CC(=O)OC1=CC=CC=C1O,,
245564,C1CC[C@@H]([C@@H](C1)C(=O)O)C(=O)O,,
245568,CC(=O)CCC(=O)OC1CCCCC1,,
245572,CCCCCCCCCCCCOC(=O)CCC,,
245601,CCCCCCC(=O)CC(=O)OCC,,
245648,C1=CC=C(C=C1)CCC(=O)NC2=CC(=CC=C2)[N+](=O)[O-],,
245650,C1=CC(=CC(=C1)C(=O)O)CBr,,
245736,C1=CC=C(C=C1)C2=CC(=O)N(N2)C3=CC=CC=C3,,
245812,CCOC(=O)C(CC1=CC=CC=C1)(C(=O)OCC)NC(=O)C,,
245861,C1CC(=O)N(C1=O)CCC(=O)O,,
245869,CCCC[C@@H]1[C@H]([C@@H](OC(=O)[C@H]([C@H](OC1=O)C)NC(=O)C2=C(C(=CC=C2)NC=O)O)C)OC(=O)CC(C)C,,
245882,C1=CC=C2C(=C1)C=C3C(=N2)C4=CC=CC=C4C3=O,,
245904,CCCCCC(=O)NC1=CC=C(C=C1)S(=O)(=O)N,,
245906,COC(=O)C(=CC1=CC=CC=C1)C(=O)OC,,
245914,C1=CC=C(C(=C1)NC(=O)C2=C(C=CC(=C2)Cl)O)Cl,,
245931,CC1=NNC(=O)N(C1=O)C,,
245940,CC1=CC(=C(C(=C1)C(=O)CC2CC(=O)NC(=O)C2)O)C,,
245968,C=CC(=O)NC1=CC(=CC=C1)Cl,,
245983,CCOC(=O)C1=CC(=C(N=C1C)C)C(=O)OCC,,
245987,CC(C(=O)O)OCC1=CC=CC=C1,,
246001,CCC1=CC(=O)NC(=O)N1,,
246169,C(CCNC(=O)CCl)CNC(=O)CCl,,
246210,COC(=O)CSC1=CC=C(C=C1)Cl,,
246265,CCCCN1C(=O)C2=CC=CC=C2NC1=O,,
246289,C1CC[C@@H]2CC(=O)CC[C@@H]2C1,,
246330,C1=CC(=C(C=C1C2C(C(=O)C3=C(O2)C=C(C=C3)O)O)O)O,,
246338,C=CCN(CC=C)C=O,,
246466,C1=CC=C2C(=C1)C=CC(=N2)C(=O)NN,,
246499,C1=CC=C2C(=C1)C(=O)N(C2=O)C3=CC=C(C=C3)C(=O)O,,
246520,CCCCCCCCCCCCCCCC(=O)O[C@H]1CC[C@@]2([C@H]3CC[C@]4([C@H]([C@@H]3CC=C2C1)CC[C@@H]4[C@H](C)CCCC(C)C)C)C,,
246523,CC(CC(=O)O)C(=O)C,,
246525,C1=C(C(=C(C(=C1Br)N)Br)C(=O)O)Br,,
246564,CC1=C(C(=O)N(N1C)C2=CC=CC=C2)C(=O)O,,
246565,C1=CC=C(C=C1)COC(=O)NC(CC(=O)N)C(=O)O,,
246577,C1=C(C=C(C(=C1Br)C(=O)O)Br)Br,,
246597,C1CCC(CC1)OC(=O)NC2=CC=CC=C2,,
246643,CCOC(=O)C(C#N)C(C1=CC=CC2=CC=CC=C21)C3=CC=CC4=CC=CC=C43,,
246657,CC1=C(C(=O)N(N1C)C2=CC=CC=C2)C(=O)CCl,,
246663,C(CCC(=O)O)CCNC(=O)NCCCCCC(=O)O,,
246666,C1=CC(=C(C2=C1C(=O)C3=C(C2=O)C=CC(=C3Cl)N)Cl)N,,
246673,CC(C)CC(C(=O)O)NC(=O)OCC1=CC=CC=C1,,
246682,CC1=C(C=CC=C1F)C(=O)O,,
246708,C1=CC=C(C=C1)C(C(=O)C2=CC=CC=C2)OC(=O)C3=CC=CC=C3,,
246728,CCCCCC(=O)CC,,
246749,C(CC(=O)CCCCl)CCl,,
246753,CC(=N)CC(=O)C,,
246764,C=CCC1=CC=CC=C1OCC(=O)O,,
246769,CC(=O)NC1=CC(=C(C=C1)[N+](=O)[O-])C(F)(F)F,,
246783,COC1=NC=C(C=C1)NC2=C(C=CC(=C2)Cl)C(=O)O,,
246812,C1=CC2C3C(C1O2)C(=O)N(C3=O)N,,
246831,CCCCCC(=O)N1CCCCC1,,
246835,CCCCCC(=O)N1CCCC1,,
246843,C1=CC(=CC=C1C(=O)NNC(=O)C2=CC=C(C=C2)Cl)Cl,,
246851,C1=CC=C2C(=C1)C(=CN2)C=C(C#N)C(=O)N,,
246858,C1=CC2=C(C=C1Cl)NC(=O)NC2=O,,
246868,CC(C(=O)O)OC1=CC=C(C=C1)C(C)(C)C,,
246876,C[C@]12CC[C@H]3[C@H]([C@@H]1CC(=O)C2=O)CCC4=C3C=CC(=C4)O,,
246883,CC(=O)[C@H]1CC[C@@H]2[C@@]1(CC[C@H]3[C@H]2CC[C@@H]4[C@@]3(CC=CC4)C)C,,
246898,CC1=NC2=C(S1)C=C(C=C2)C(=O)O,,
246913,C(C1=C(NC(=O)S1)O)C(=O)O,,
246914,CC1=CC(=O)N2C(=N1)N=NN2,,
246918,CC(=O)CCC1=CNC2=CC=CC=C21,,
246924,CCCCCCCC(=O)CC(C)C,,
246927,CCOC(=O)C(=O)C1=C(NC2=CC=CC=C21)C,,
246929,CCOC(=O)C(CC1=CC=CC=C1)C(=O)C,,
246981,CCCCCCCCCCCCOC(=O)OCCCCCCCCCCCC,,
246988,CC1=NNC(=O)C1CCO,,
247020,C[C@]12CC[C@H]3[C@H]([C@@H]1CC[C@@H]2C(=O)CO)CC=C4[C@@]3(CC[C@@H](C4)O)C,,
247021,C[C@]12CCC(=O)C=C1CC[C@@H]3[C@@H]2CC[C@]4([C@H]3[C@H](C[C@@H]4O)O)C,,
247031,C1=C(NC(=O)N=C1)C(=O)O,,
247192,CN1C(=O)C(=C(NC1=O)Cl)[N+](=O)[O-],,
247220,CCCCCCCCCCCCCCCC(=O)N1CCCC1,,
247228,C1=CC=C2C(=C1)NC(=N2)C3=CC(=CC=C3)NC(=O)C4=CC=C(C=C4)C(=O)NC5=CC=CC(=C5)C6=NC7=CC=CC=C7N6,,
247358,C1CC2=C3C(=C(C(=O)C3=CC=C2)C(=O)N)C1,,
247361,C1=CC=C2C(=C1)C(=CC(=N2)C3=CC=C(C=C3)O)C(=O)O,,
247365,CCC1=C2C(=CC=C1)C(=O)C(=O)N2,,
247392,CCC1=CC=C(O1)C(=O)O,,
247395,COC1=CC=C(C=C1)C#CC(=O)O,,
247433,C1(=C(C2(C(=C(C2(C1=O)Cl)Cl)Cl)Cl)O)Cl,,
247440,CC1=CC(=C(C(=O)N1)C#N)C(F)(F)F,,
247444,CC1=CC(=C(C(=O)N1)C(=O)O)C,,
247453,CCOC(C)C(=O)OCC,,
247471,CC(=O)NC1=CC=C(C=C1)SC(=O)C,,
247489,CC1=CC2=C(C=C1C)N=C(C(=O)N2)C,,
247612,C1=CC(=C(C=C1NC2=CC(=O)NC(=O)N2)Cl)Cl,,
247630,CCOC(=O)NCCC1=CC=CC=C1,,
247652,CC1=CC(=CC=C1)N2C(=O)C=CC2=O,,
247666,CCOC(=O)CC(=O)CCC=C,,
247668,C1C(=NN(C1=O)C2=CC(=C(C=C2Cl)S(=O)(=O)O)Cl)C(=O)O,,
247670,CC1=CC2=C(C=C1C)NC(=O)C(=O)N2,,
247732,C[C@]12CC[C@@H](C[C@H]1CC[C@@H]3[C@@H]2CC[C@]4([C@H]3CCC4=O)C)O,,
247817,C1=CC=C2C(=C1)C(=O)N(C2=O)CCOCCN3C(=O)C4=CC=CC=C4C3=O,,
247839,C[C@H]1C[C@H]2[C@@H]3CC[C@@H]([C@]3(C[C@@H]([C@@H]2[C@@]4(C1=CC(=O)CC4)C)O)C)C(=O)C,,
247900,CCOC(=O)NC1=CC(=CC=C1)Cl,,
247923,CC1(C2(C1(C(=O)NC2=O)C#N)C#N)C,,
247929,CC(=O)[C@H]1CC[C@@H]2[C@@]1(CC[C@H]3[C@H]2CCC4=CC(=O)C=C[C@]34C)C,,
247942,C[C@@H]1CC2=CC(=O)CC[C@@]2([C@@H]3[C@@H]1[C@@H]4CC[C@@H]([C@]4(CC3)C)O)C,,
247952,C1CN=C(N1)C2=CC=C(C=C2)NC(=O)C3=CC(=CC=C3)NC(=O)NC4=CC=C(C=C4)C5=NCCN5,,
247956,C1=CC=C(C(=C1)C(=O)NC2=CC=CC=C2Cl)O,,
247965,CCOC(=O)C1=CNC2=CC=CC=C21,,
247974,CC(=O)C1(CCC2C1(CCC3C2CC=C4C3(CCC(C4)O)C)C)O,,
247978,CC(=O)N[C@H](CO)[C@@H](C1=CC=C(C=C1)[N+](=O)[O-])O,,
247986,C1=C(C=NC=C1Cl)C(=O)O,,
247987,C1=C(C=NC(=C1Cl)Cl)C(=O)O,,
247994,C1CCC2(CC1)CCC(=O)N2,,
247995,CC(C)(CCC(=O)OC)[N+](=O)[O-],,
248003,C1=CC(=CC(=C1)Cl)N2C(=O)C=CC2=O,,
248021,C1=CC=C(C=C1)C2=CC(=O)C3=C(O2)C=CC(=C3)Cl,,
248040,C1=CC=C(C=C1)C2=NC3=CC=CC=C3C(=O)N2C4=CC=CC=C4,,
248048,C1=C(C(=O)NC=C1Cl)[N+](=O)[O-],,
248050,C1=CC=C(C=C1)C2=C(N=C(C(=O)N2)[N+](=O)[O-])C3=CC=CC=C3,,
248065,C1CSC2=C(C1=O)C=C(C=C2)Cl,,
248078,C1CC(=O)C2=C1C=CC=C2O,,
248079,CC(=O)C1=C(C=CC(=C1)[N+](=O)[O-])O,,
248109,C1=CC=C2C(=C1)C(=O)N(C2=O)CCCN3C(=O)C4=CC=CC=C4C3=O,,
248127,C1COC2=C(O1)C=CC(=C2)C=O,,
248153,C1CCC(CC1)(CC(=O)O)O,,
248269,COC1=CC=C(C=C1)C2=COC3=CC(=C(C(=C3C2=O)OC)OC)OC,,
248271,CCCCCCC(=O)O[C@H]1CC[C@@H]2[C@@]1(CC[C@H]3[C@H]2CC[C@@H]4[C@@]3(C(=CC(=O)C4)C)C)C,,
248372,COC1=CC=CC(=C1)NC(=O)C2=CC=C(C=C2)C(=O)NC3=CC(=CC=C3)OC,,
248375,CC1=CC=CC=C1NC(=O)C2=CC=C(C=C2)C(=O)NC3=CC=CC=C3C,,
248471,CC1CC(=O)NC2=C(N1)C=C(C(=C2)C)C,,
248473,CN1C2=C(C(=O)N(C1=O)C)N=CN2CC(=O)O,,
248474,CC1=CC=C(C=C1)CC(=O)O,,
248491,CC1=NC=C(O1)C2=CC=CC=C2,,
248580,C1CC2=CC=CC=C2NC(=O)C1,,
248617,C1=CC=C2C(=C1)C3=C(C2=O)C=C(C=C3)I,,
248637,C1=NC(=O)NC(=C1N)N,,
248643,CCOC(=O)C1=NC2=CC=CC=C2NC1=O,,
248680,CCOC1=C(C(=O)N(N=C1)C2=CC=CC=C2)Cl,,
248711,COC1=C(C(=O)N(N=C1)C2=CC=CC=C2)SCC3=CC(=C(C=C3)Cl)Cl,,
248828,C=CCC1=C(C=CC(=C1)Cl)OCC(=O)O,,
248840,CCOC(=O)C1=CC2=C(C=CC(=C2)[N+](=O)[O-])OC1=O,,
248856,CC(=O)OCC(=O)[C@H]1CC[C@@H]2[C@@]1(CC[C@H]3[C@H]2CC=C4[C@@]3(CC[C@@H](C4)O)C)C,,
248888,CC1=CC2=NC(=O)C(C(=O)N2C=C1)C3=CC=CC=C3,,
248889,C1=COC(=C1)C2C(N=C(N2)C3=CC=CO3)C4=CC=CO4,,
248897,CC(=O)SC(C1=CC=CC=C1)(C2=CC=CC=C2)C3=CC=CC=C3,,
248907,CC(=C(C#N)C(=O)OC)C,,
248910,COC(=O)C1=C(C=CC(=C1)I)O,,
249238,CC(=O)CC(=O)NC1=NC=CC=N1,,
249262,CC1CC2=CC=CC=C2C1=O,,
249269,CCOC(=O)C(C1CCCC1)C(=O)OCC,,
249287,CC(C)COC(=O)C(=O)OCC(C)C,,
249306,C1=CSC(=C1)C(CC(=O)O)N,,
249307,C1CN=C(N1)C2=CC=C(C=C2)NC(=O)C3=CC(=C(C=C3)Cl)C(=O)NC4=CC=C(C=C4)C5=NCCN5,,
249332,CC[C@@]1(C[C@@H]2C[C@@](C3=C(CCN(C2)C1)C4=CC=CC=C4N3)(C5=C(C=C6C(=C5)[C@]78CCN9[C@H]7[C@@](C=CC9)([C@H]([C@@]([C@@H]8N6C=O)(C(=O)OC)O)OC(=O)C)CC)OC)C(=O)OC)O.OS(=O)(=O)O,,
249414,CCN1C2=C(C=C(C=C2)NC(=O)C)C3=CC=CC=C31,,
249541,CCCCCCOC(=O)C(Cl)(Cl)Cl,,
249646,CN1C2=C(C(=O)N(C1=O)C)N=CN=N2,,
249659,C1=CC=C(C=C1)C(=O)C2=CC=C(C=C2)OC3=CC=C(C=C3)C(=O)C4=CC=CC=C4,,
249759,C1=CC=C(C=C1)OCCCN2C(=O)C3=CC=CC=C3C2=O,,
249817,CCOC(=O)C(=CC1=CC=CC=C1)C(=O)C,,
249885,CN1CCCC1C2=CNC(=O)C=C2,,
249887,COC1=CC(=O)OC(=C1)C2=CN=CC=C2,,
249990,C1=C(NC=C(C1=O)O)CO,,
250075,COC(=O)C1CC2CC1C=C2,,
250077,CC(C)OC1=CC=C(C=C1)C=O,,
250096,C/C=C(\C)/C(=O)OCC1=CC=CC=C1,,
250294,C[C@@]12CCC[C@H]1[C@@H]3CCC4=CC(=O)CC[C@@]4([C@H]3CC2)C,,
250388,C12=NC(=O)NC1(C(=O)NC(=O)N2)O,,
250397,C1C2C3C(C(C(O2)OC(=O)C4=CC(=C(C(=C4)O)O)O)OC(=O)C5=CC(=C(C6=C5C(C(C(=O)O3)CC(=O)O)C(C(=O)O6)O)O)O)OC(=O)C7=CC(=C(C(=C7C8=C(C(=C(C=C8C(=O)O1)O)O)O)O)O)O,,
250398,C1=C(C=C(C(=C1O)O)O)C(=O)OCC2C(C(C(C(O2)O)O)O)O,,
250451,CC1=NC=CC(=O)N1,,
250559,C=CC(=O)NCCCCCCNC(=O)C=C,,
250561,CNC(=O)NC1=CC=CC2=C1N=CC=C2,,
250618,CC(C)COC(=O)CCCCCCCCC(=O)OCC(C)C,,
250626,CC(=O)NC1=C(C2=C(C3=C(C2=O)C=C(C=C3)Cl)C(=C1Cl)Cl)Cl,,
250642,C1=CC=C(C=C1)NC(=O)NC2=CC(=C(C=C2)Cl)Cl,,
250646,C1CCC(CC1)NC(=O)NC2=CC(=C(C=C2)Cl)Cl,,
250653,CS(=O)(=O)NC1=CC=C(C=C1)C(=O)O,,
250654,CCOC(=O)C1=CC=C(C=C1)NS(=O)(=O)C,,
250660,C1=CC=C2C(=C1)C3=NC4=CC=CC=C4N3C2=O,,
250687,COC1=CC=C(C=C1)N2C(=O)C3=CC=CC=C3C2=O,,
250735,CC(C)CN1C(=CC(=O)N(C1=O)C)N,,
250746,C1=CC=C(C=C1)CN2C(=CC(=O)NC2=O)N,,
250782,C1=CC=C(C=C1)CN2C3=C(C(=O)N(C2=O)CC4=CC=CC=C4)NC=N3,,
250810,COC1=NC=C(C=C1)C(=O)N,,
250855,C1CCN(CC1)C2CC(=O)N(C2=O)C3=CC=CC=C3,,
250873,C1CC2C3CC(CN2C(=O)C1)C4CC(CCN4C3)O,,
250936,C1C2=CC=CC=C2CC1(C(=O)O)N,,
250948,CC1=C[C@@H]2[C@H](CC[C@]3([C@H]2CC(=C)[C@@]3(C(=O)C)OC(=O)C)C)[C@@]4(C1=CC(=O)CC4)C,,
251065,COC(=O)C1=C(C(=C(C(=C1Cl)Cl)Cl)Cl)C(=O)OC,,
251066,CC1=CC=C(C=C1)NC(=O)C2=CC=C(C=C2)C(=O)NC3=CC=C(C=C3)C,,
251270,COC(=O)CNC1=CC=CC(=C1)C(F)(F)F,,
251293,CC(C)CCOC1=CC=C(C=C1)C(=O)O,,
251524,C1CC(=O)OC1C(=O)O,,
251529,CC(=CCCC(C)(C=C)OC(=O)CC1=CC=CC=C1)C,,
251530,CCCC(=O)OCC(=C)C,,
251531,C1=CC=C(C=C1)CCOC(=O)C2=CC=CO2,,
251532,CC(=CCCC(=CCCC(C)(C=C)OC=O)C)C,,
251543,C1=C2C(=CC(=C1Cl)Cl)C(=O)NC2=O,,
251548,C1CCC2C(C1)C(=O)N(C2=O)C3=NC=CS3,,
251559,C1CCC(=NC2=C(CCCC2)C(=O)N)CC1,,
251561,CC1C2CN3CCC4=C(C3CC2C(=CO1)C(=O)OC)NC5=CC=CC=C45,,
251562,COC(=O)[C@H]1[C@H](CC[C@@H]2[C@@H]1C[C@@H]3C4=C(CCN3C2)C5=CC=CC=C5N4)O,,
251575,C[C@H]1[C@@H]2CN3CCC4=C([C@@H]3C[C@@H]2C(=CO1)C(=O)OC)NC5=C4C=C(C=C5)OC,,
251606,C1=CC=C(C=C1)C2=NC3=C(C=CC=C3O)C(=C2)C(=O)O,,
251636,C[C@@H]1CC2=CC(=O)CC[C@@H]2[C@@H]3[C@@H]1[C@@H]4CC[C@]([C@]4(CC3)C)(C)O,,
251643,CCNNC(=O)[C@H]1[C@@H]([C@H](C2=CC3=C(C=C2[C@H]1C4=CC(=C(C(=C4)OC)OC)OC)OCO3)O)CO,,
251690,CC1=CC(=CC(=C1C=O)O)O,,
251705,CN1C(=O)C(=C(NC1=O)N)Br,,
251717,CC1=CN(C(=O)NC1=O)C2CC(C(C(O2)CO)O)O,,
251740,CC(C)(C)OC(=O)NC=C,,
251763,C1(=NSN=C1N)C(=O)O,,
251786,C1CN=C(N1)C2=CC=C(C=C2)NC(=O)C3=C(C(=CC=C3)C(=O)NC4=CC=C(C=C4)C5=NCCN5)N,,
251884,CN1C2CCC1C(C(C2)O)C(=O)OC,,
251890,COC1=CC2=C(C=C1)N3[C@@H]4[C@]25CCN6[C@H]5C[C@@H]7[C@H]4[C@H](CC3=O)OCC=C7C6,,
251908,C1=C(C=C(C2=C1NC(=O)C2=O)Cl)Cl,,
251939,CC(=O)NC1=NC=C(S1)SC2=CC=C(C=C2)[N+](=O)[O-],,
251942,C1=CC=C(C=C1)C(=O)OC2=CC=CC(=C2)C(=O)CBr,,
251957,C1C2=CC=CC=C2CC1(C(=O)O)C(=O)O,,
251992,CC(=O)NC1=CC=CC=C1C#N,,
252023,CC1=C(C=CC=C1O)C(=O)O,,
252028,C1=CC=C(C=C1)NC(=O)OCCOC2=C(C=C(C=C2)Cl)Cl,,
252137,C1=CC2=C(C=C1Br)C=C(N2)C(=O)O,,
252141,CCC(=O)N(C1CCN(CC1)CC2=CC=CC=C2)C3=CC=CC=C3,,
252194,C1=CC=C(C=C1)N=NC2=C(NN(C2=O)C3=CC=CC=C3)N,,
252216,CC1=CC(=NC(=C1C(=O)N)N)C,,
252248,C1=CC=C2C(=C1)C(=O)C=C(O2)C3=CC(=CC=C3)[N+](=O)[O-],,
252253,C1[C@H]([C@H]([C@H]([C@H]1C(=O)O)C(=O)O)C(=O)O)C(=O)O,,
252254,C1CCCC(CCC1)OC(=O)C(F)(F)F,,
252264,COC1=CC=CC(=C1)C(=O)NNC(=O)C2=CC=CC=C2,,
252281,C1=CC=C2C(=C1)C(=O)N(C2=O)C3=CC=C(C=C3)O,,
252353,CCCCCCCCCCCCCCC(C(=O)OCC)C(=O)OCC,,
252367,C1=CC(=C(N=C1)F)C(=O)N,,
252372,CC1=CC(=O)C[C@H]2[C@]1([C@H]3CC[C@]4([C@H]([C@@H]3CC2)CC[C@@H]4OC(=O)C)C)C,,
252379,C[C@]12CC[C@H]3[C@H]([C@@H]1CCC2=O)CCC4=CC(=O)CC[C@]34CO,,
252397,CC(C)(C)C1=CC=C(C=C1)SCC(=O)O,,
252398,CC(=O)CSC1=NC2=CC=CC=C2S1,,
252439,C(CC(=O)O)C(=O)NO,,
252471,COC1=C(C(=C2C(=C1)OC=C(C2=O)C3=CC=C(C=C3)O)OC)O,,
252480,CC(CC(=O)O)C(C)C(=O)O,,
252487,CCOC(=O)C(=O)C1CCCC1=O,,
252500,C1=CC=C(C=C1)CC(=O)NC2=CN(NC2=O)C3=CC=CC=C3,,
252522,CCCCCC(=O)NCCCC,,
252597,C1=CC=C(C=C1)C(=O)NC2=CC=C(C=C2)C(=O)O,,
252601,C(CCCC(=O)N)CCCC(=O)N,,
252604,C1=CC=C(C=C1)C(=O)NC2=CC(=CC=C2)NC(=O)C3=CC=CC=C3,,
252606,C1=CC=C(C=C1)C(C2=CC=CC=C2)C(=O)NC3=CC=CC=C3,,
252608,C1=CC=C(C=C1)C(=O)NC2=CC3=CC=CC=C3OC2=O,,
252610,C1=CC(=CC(=C1)I)C=O,,
252612,C1=CC(=C(C=C1I)C=O)O,,
252654,CNS(=O)(=O)C1=CC=CC(=C1)C(=O)O,,
252662,CCCCCCCCCCCC(=O)OO,,
252679,C1=CC2=C(C=C1[N+](=O)[O-])C=C(C(=O)O2)C(=O)O,,
252682,CC1=CC=C(C=C1)S(=O)(=O)OCC(=O)NC2=CC(=C(C=C2)C(=O)O)O,,
252692,CC1=CC(=C(C(=C1C)C(=O)C)C)C,,
252693,C1CC(=O)OC1C2=CC3=CC=CC=C3C=C2,,
252696,C1=CC=C(C=C1)C2=C(C(=O)C3=C(O2)C=CC(=C3)Cl)Cl,,
252716,CC1=CC(=C(C=C1)C2=C(C(=O)C3=C(O2)C=CC(=C3)Cl)Cl)OC(C)C,,
252731,C1CC2=C(C=C(C=C2)Br)C(=O)C1,,
252732,C1=CC(=CC=C1CCCC(=O)O)Br,,
252753,CCN(CC)C1=CC=C(C=C1)N.C(=O)(C(=O)O)O,,
252828,C1=CC(=NNC1=O)Cl,,
252925,C1=CC=C(C=C1)CONC(=O)C2=CC=CC=C2,,
253083,C1C(C(OC1N2C=C(C(=O)NC2=O)C(F)(F)F)CO)O,,
253089,COC1=C(C=C(C=C1)C=CC(=O)C2=C(C=C(C=C2OC)OC)OC)OC,,
253131,C1=CC=C(C=C1)[C@H]([C@H](C2=CC=CC=C2)C(=O)O)C(=O)O,,
253134,CCOC(=O)C1=C(NC(=C1C2=CC=CC=C2)C3=CC=CC=C3)C,,
253137,C1=CC(=O)N(C=C1)CCO,,
253138,CCOC(=O)C1=C[N+](=CC=C1)[O-],,
253157,CCOC(CN1C=CC(=O)NC1=O)OCC,,
253183,CCOC(=O)C(CCC(=O)C)C(=O)OCC,,
253193,CCC1=C(C2=NC1=CC3=C(C4=C([C@@H](C(=C5[C@H]([C@@H](C(=CC6=NC(=C2)C(=C6C)C=C)N5)C)CCC(=O)O)C4=N3)C(=O)OC)O)C)C,,
253213,COC(=O)CC(CC(=O)O)(C(=O)OC)O,,
253217,CCC1C(=O)NC(=O)N1,,
253230,C1=CC=C2C(=C1)C=CC=C2CC(=O)NN,,
253257,C1=CC(=CC=C1CNC(=O)NCC2=CC=C(C=C2)Cl)Cl,,
253270,C1=C(C(=O)NC(=O)N1)NC(=O)CCl,,
253300,COC1=CC=C(C=C1)CC(=O)C2=C(C=C(C=C2O)O)O,,
253301,CC1=CC(=CC=C1)C(=O)OC(=O)C2=CC=CC(=C2)C,,
253309,COC1=CC2=C(C=C1)NC=CC2=O,,
253363,C1=CC=C(C=C1)C2=NNC(=O)NC2=O,,
253507,COC(=O)CC1=CC=CC=C1C(=O)OC,,
253531,CCCCOC1=C(C=CC(=C1)C(=O)O)[N+](=O)[O-],,
253533,C1=CC=C(C=C1)C(=O)CCCCl,,
253602,CC(=O)O[C@@H]1[C@H](CN[C@@H]1CC2=CC=C(C=C2)OC)O,,
253613,C1=CC=C(C=C1)C2=C(OC3=CC=CC=C32)C4=CC=CC=C4,,
253642,CC(=O)OCC1C(C(C(O1)N2C=NC3=C2N=C(N=C3Cl)Cl)OC(=O)C)OC(=O)C,,
253681,C1=CC=C2C(=C1)C(=O)N(C2=O)CCCCCCCCBr,,
253684,C1=CC=C2C(=C1)C3=C(C(=O)C2=O)N4C=CC=CC4=N3,,
253775,C1=C(C=C(C(=C1O)O)O)C(=O)OCC2C(C(C(O2)O)(COC(=O)C3=CC(=C(C(=C3)O)O)O)O)O,,
253834,CN1C(=CC(=O)C2=C1C=C(C=C2)OC)C3=CC=CC=C3,,
253856,CC1(C(C(C2=C(O1)C=CC3=C2OC(=O)C=C3)O)O)C,,
253955,COC1=C(C=C2C(=C1)C(=O)C3=CC=CC=C3O2)OC,,
254140,CC1=CC(=CC(=C1C(=O)C)O)O,,
254145,C1=CC=C2C(=C1)C(=O)C3=CC=CC=C3OC2=O,,
254155,CC1=C(C(=C(C=C1O)O)C=O)C,,
254166,CN1C=C(C2=CC=CC=C21)CC(=O)O,,
254171,COC1=CC(=C(C=C1)C(=O)CCC(=O)O)O,,
254174,COC1=CC=C(C=C1)C(=O)C2=C(C=C(C=C2)OC)OC,,
254249,COC(=O)C1=CN=C(C=C1)Cl,,
254285,C1=CC2=C(C=C1[N+](=O)[O-])C(=O)C=CN2,,
254296,CCCCCCCCCC(=O)C1=C(C(=C(C=C1)O)O)O,,
254343,COC1=CC(=C(C(=C1)OC)C2=C(C(=O)C3=CC=CC=C3O2)O)OC,,
254365,CC(=O)N1C2=CC=CC=C2C3=NC4=CC=CC=C4N=C31,,
254510,CCOC(=O)C1=NC(=CC=C1)C(=O)OCC,,
254545,COC(=O)C1=CC(=NC=C1)C(=O)OC,,
254555,CCOC(=O)C1CCC(CC1)C(=O)OCC,,
254566,CC1=NC(=NN1)SCC(=O)O,,
254631,C[C@@H]([C@]1(CC[C@@H]2[C@@]1(CC(=O)[C@H]3[C@H]2CC[C@H]4[C@@]3(CC[C@H](C4)O)C)C)O)O,,
254633,C[C@]12CCC(=O)C=C1[C@H](C[C@@H]3[C@@H]2[C@H](C[C@]4([C@H]3CC[C@@]4(C(=O)CO)O)C)O)O,,
254728,CCOC(=O)C1=CN=C(C=C1)C(=O)OCC,,
254791,C1=CSC(=C1)C2=CC(=O)C3=C(O2)C=CC(=C3)Cl,,
254805,C1=CC=C(C=C1)C2=C(C(=O)NC3=CC=CC=C32)C4=CC=CC=C4,,
254942,C1=C(C(=O)NNC1=O)Br,,
254959,CCOC(=O)C(=CNC1=CC=CC=C1Cl)C(=O)OCC,,
255027,CC1=CC(=C(C=C1)C(=O)O)[N+](=O)[O-],,
255057,C1=CC2=C3C(=C1)C(=O)N(C(=O)C3=CC=C2)N,,
255112,C1CCC(CC1)NC(=O)NCCCl,,
255155,C1=CSC(=C1)C(=O)CCCC(=O)O,,
255219,C1CN(C(=O)N(C1=O)C2=CC=CC=C2)CC3=CC=CC=C3,,
255273,C1CN(C(=O)N1)C2=CC=CC=C2,,
255280,C1=C(N=CC(=N1)C(=O)O)C(=O)O,,
255289,COC1=CC2=C(C=C1)NC=C(C2=O)C(=O)O,,
255290,COC1=CC=CC2=C1NC=C(C2=O)C(=O)O,,
255292,C1=CC=C(C=C1)CON2C(=O)C3=CC=CC=C3C2=O,,
255293,CC1(C(NC(S1)CNC(=O)CC2=CC=CC=C2)C(=O)O)C,,
255363,C1=CSC(=N1)NC(=O)CCC(=O)O,,
255448,COC1=CC=C(C=C1)C2=[N+](C3=CC=CC=C3C2=O)[O-],,
255450,C1=NC(=C2C(=N1)N(C=N2)CCC(=O)O)N,,
255512,COC1=CC=C(C=C1)C2=CC(=O)C=C(O2)C3=CC=C(C=C3)OC,,
255580,C1=CN=C(N=C1)NC=O,,
255605,COC1=C(C=C(C=C1)C(=O)C2=CC(=C(C(=C2)OC)OC)OC)OC,,
255653,CC(=O)NC1=C2C=CC3=CC=CC4=C3C2=C(C=C4)C=C1,,
255664,C1=CNC(=C1)C(=O)CCl,,
255666,CC1=C(C=CN1)C(=O)O,,
255670,CCOC(=O)C1=CC=CN1,,
255720,COC1=CC=CC(=C1N)C(=O)O,,
255733,C1=CN(C(=O)NC1=O)CC(=O)O,,
255782,C1=CC=C(C=C1)C(=O)NCCCNC(=O)C2=CC=CC=C2,,
255799,C1=CC=C2C(=C1)C(=O)C=NN2,,
255846,CC(=O)OCC(=O)[C@H]1CC[C@@H]2[C@@]1(C[C@@H]([C@H]3[C@H]2CCC4=CC(=O)CC[C@]34C)O)C,,
255852,C1=CSC(=C1C(=O)O)C(=O)O,,
255853,C1=C(C(=CS1)C(=O)O)C(=O)O,,
255865,CCCCNC(=O)CC#N,,
255881,C1=CC=NC(=C1)C(=O)NN,,
255899,CCCCCCCCCCCCCCCCCCN.CC(=O)O,,
255964,C1=CC2=C(C(=O)C(=C(C2=O)Br)Br)N=C1,,
255968,CCC1=C(C2=CC=CC=C2O1)C(=O)C3=CC=C(C=C3)O,,
256005,CNC(=O)NN,,
256062,C1=CC=C(C(=C1)C(=O)C2=CC=C(C=C2)Br)C(=O)O,,
256073,C1=CC=C(C=C1)CC(=O)C2=CC=CC=N2,,
256080,CC1=CC2=C(C=C1)NC=CC2=O,,
256205,B(C1=CNC(=O)NC1=O)(O)O,,
256208,CC1=CC(=CN=C1)C(=O)O,,
256278,CC(=O)C1CCC2C1(CC(=O)C3C2CCC4C3(CCC(C4)O)C)C,,
256288,C[C@]12CCC(=O)C=C1CC[C@@H]3[C@@H]2[C@H](C[C@]4([C@H]3CC[C@@]4([C@H](CO)O)O)C)O,,
256308,CC1=CC(=CN=C1)C(=O)OC,,
256341,C1(=NNN=C1C(=O)O)C(=O)O,,
256388,CCCCCCCCCCCCCCCCCC(=O)OCC(COC(=O)C)OC(=O)C,,
256404,C1=CC=C(C=C1)C(=O)NNC(=O)C2=CC=C(C=C2)Cl,,
256411,C1=CC=C(C=C1)C(C2=CC=CC=C2)(C3=CC=CC=C3)SCC(C(=O)O)N,,
256462,COC1=CC=CC(=C1)C2=NN=C(O2)N,,
256516,CC1=C(C(=C(C(=C1OC)C(=O)CC(C)C)OC)C)OC,,
256518,CC1(C=CC2=C(O1)C(=C3C(=C2OC)C=CC(O3)(C)C)CCC(=O)O)C,,
256591,CC(C)(C)C(=O)OC=C,,
256598,CCCCCCCCCCC(=O)N,,
256617,C1=CC=C(C=C1)C(=O)NC2=CC=CC(=C2)C(=O)O,,
256622,C1=CN(C(=O)N=C1N)C2C(C(C(O2)CO)OP(=O)(O)O)O,,
256687,COC(=O)C1=CC=C(C=C1)CBr,,
256821,CCOC(=O)CC1=CC2=CC=CC=C2C=C1,,
256826,CC1=CC(=O)NC2=C1C(=O)NN2,,
256827,C1=CC=C2C=C(C=CC2=C1)CC(=O)NN,,
256921,C1=CC=C(C(=C1)C(=O)O)NC(=O)C(F)(F)F,,
256951,C1=CC(=CC=C1CC(=O)N)Br,,
256983,CC(=O)NNC(=O)C1=CC=CC=C1,,
257223,CC(C)(C(=O)O)NC(=O)C1=CC=CC=C1,,
257232,CCC(C#N)(C1=CC=CC=C1)C(=O)N,,
257272,CC1CCC2C(C3(C1C=CC3=O)C)OC(=O)C2=C,,
257275,CC1CCC2C(C3(C1(C=CC3=O)O)C)OC(=O)C2=C,,
257278,C[C@H]1CC[C@@H]2[C@H]([C@]3([C@]1(CCC3=O)O)C)OC(=O)C2=C,,
257369,CCC1CCOC1=O,,
257476,C1COCCN1S(=O)(=O)C2=CC=CC(=C2)C(=O)O,,
257482,CC(=O)NC1=CC=C(C=C1)S(=O)(=O)C2=C(C=CC(=C2)O)O,,
257499,C1CCN(C1)C(=S)SCC(=O)O,,
257522,CC(C(=O)O)SC(=S)N1CCOCC1,,
257576,CC(C1=CC=C(C=C1)OC)C(=O)O,,
257586,CC(=O)NC1=CC=C(C=C1)S(=O)(=O)C,,
257630,C[C@]12CCC(=O)C[C@H]1CC[C@@H]3[C@@H]2CC[C@]4([C@H]3CC[C@@H]4C(=O)CO)C,,
257712,CC(=O)CC(=O)NC(C)(C)C,,
257714,COC1=CC2=C(C=C1)C(=O)C(=CN2)C(=O)O,,
257715,CN1C2=C(C(=O)N(C1=O)C)N=C3C(=N2)N(C(=O)N(C3=O)C)C,,
257818,CC(=O)C1=CC=C(C=C1)CCCCC2=CC=C(C=C2)C(=O)C,,
258011,CC1=CC=C(C=C1)S(=O)(=O)N(C)C2=CC=C(C=C2)C(=O)O,,
258025,CC(C)C1=CC=C(C=C1)NC(=O)C,,
258162,C1=CC2=C(ON=C2C=C1)C(=O)O,,
258209,C1OC2=C(O1)C=C(C=C2)C=C3C(=O)NC(=O)NC3=O,,
258229,COC1=CC=CC=C1NC(=O)CC2=CC=CC=C2,,
258240,C1CN(CCN1C2=CC=CC=C2)C(=O)C3=CC=CC=C3,,
258327,CC(=O)N1CCN(CC1)C2=CC=C(C=C2)Cl,,
258337,CC1=CC(=CC=C1)OC(=O)C2=CC(=CC(=C2)[N+](=O)[O-])[N+](=O)[O-],,
258346,C1=CC=C(C(=C1)NC=O)[N+](=O)[O-],,
258378,CCOC(=O)CC(=O)C1=C(C(=C(N1)C)C(=O)OCC)C,,
258412,C[C@]12CC[C@H]3[C@H]([C@]1(CC[C@@H]2C4=CC(=O)OC4)O)CC[C@]5([C@@]3(CC[C@@H](C5)O)CO)O,,
258436,CN1C=CC(=CC=C2C=CC(=O)C=C2)C=C1,,
258450,C1=CC2=C(C=C1Br)C3=C(C=CC(=C3)Br)C(=O)C2=O,,
258457,CC(=O)C1=CC=C(C=C1)CC2=CC=CC=C2,,
258538,CC1(CCC2(CCC3(C(=CCC4C3(CCC5C4(CCC(C5(C)CO)O)C)C)C2C1)C)C(=O)O)C,,
258541,C1=CC(=CC(=C1)OCC(=O)O)O,,
258548,CN1C2=CC=CC=C2C=C1C(=O)OC,,
258549,CC1=C(C=CC(=C1)Cl)NC(=O)CC(=O)C,,
258564,CC(=O)N1CCC2=C1C=C(C=C2)N,,
258566,CC(=O)N1CCC2=C1C=C(C=C2)[N+](=O)[O-],,
258762,CC(=O)NC1=C2C(=CC(=C1)OC)C=CC=N2,,
258796,C1=CN=C(C=N1)C(=O)NN,,
258809,CC1CCC2(CCC3(C(=CCC4C3(CC(C5C4(CC(C(C5(C)CO)O)O)C)O)C)C2C1C)C)C(=O)O,,
258810,C1=CC(=C(N=C1)C(=O)N)C(=O)O,,
258818,C1=CC=C(C(=C1)C(=O)NNC(=O)C2=CC=CC=C2Cl)Cl,,
258820,CCOC(=O)C1(CC1C2=CC=CC=C2)C(=O)OCC,,
258849,C1CN(CCN1C2=CC=CC=C2)C(=O)NC3=CC=CC4=CC=CC=C43,,
258956,CC(=O)O[C@@H]1CC=C2CCN3[C@H]2[C@@H]1C4=CC5=C(C=C4C3)OCO5,,
258989,C1CN(CCN1C(=O)C2=CC=CC=N2)C(=O)C3=CC=CC=N3,,
259002,CC1=CC=C(C=C1)S(=O)(=O)NC(CC2=CN=CN2)C(=O)O,,
259089,C1=CC2=C(C=C1F)C(=CN2)C=O,,
259091,CCOC(=O)C1=CC2=C(N1)C=CC(=C2)Br,,
259098,C1=CC=C2C=C(C=CC2=C1)C(=O)NNC(=O)C3=CC=CC=C3F,,
259156,C1=CC=C(C=C1)C2=NC=CC(=O)N2,,
259185,CSCCC(C(=O)NCC(=O)O)N,,
259187,CC1=CC2=C(C=C1)NC=C2C=O,,
259188,CC1=CC2=C(C=C1)NC(=C2)C(=O)O,,
259191,COC1=CC2=C(C=C1)NC=C2C(=O)O,,
259194,COC1=CC=CC2=C1CCC(=O)C2,,
259210,C[C@]12CC[C@H]3[C@H]([C@@H]1CC[C@@H]2C(=O)COS(=O)(=O)C4=CC=C(C=C4)Br)CCC5=CC(=O)CC[C@]35C,,
259218,COC1=CC2=NC=CC3=C2N(C1=O)C4=CC=CC=C34,,
259325,CC(C)CC(C(=O)NC(CC1=CC=CC=C1)C(=O)O)N,,
259329,C[C@]12CC[C@H]3[C@H]([C@@H]1CC[C@@H]2OP(=O)(O)O)CCC4=C3C=CC(=C4)OC(=O)N(CCCl)CCCl,,
259331,C[C@]12CC[C@H]3[C@H]([C@@H]1CC[C@@H]2O)CCC4=C3C=CC(=C4)OC(=O)N(CCCl)CCCl,,
259381,CCC(=O)N(C1CCNCC1)C2=CC=CC=C2,,
259478,C1CN(CCN1C2=CC=CC=C2)C(=O)C3=CC=CS3,,
259577,C[C@]12CC[C@H]3[C@H]([C@]1(CC[C@@H]2C4=COC(=O)C=C4)O)CC[C@]5([C@@]3(CC[C@@H](C5)O)C=O)O,,
259581,CC(C(=O)O)NC1=C(C=C(C=C1)[N+](=O)[O-])[N+](=O)[O-],,
259582,C1=CC(=C(C=C1[N+](=O)[O-])[N+](=O)[O-])NC(CO)C(=O)O,,
259583,CC(C)CC(C(=O)O)NC(=O)C(C)N,,
259613,CCC(C)C(C(=O)O)NC(=O)CN,,
259624,C1=CC(=CN=C1)CCC(=O)O,,
259631,C1=CC=C(C=C1)C(=O)CNC(=O)C2=CC=CC=C2,,
259632,COC1=CC=C(C=C1)CC(=O)C2=C(C=C(C=C2)O)O,,
259653,CC(=O)C1=CC(=C(C=C1)O)CC=C,,
259740,C1=CC(=CC=C1CCCC(=O)O)Cl,,
259745,CCC(C)OC(=O)NC1=CC=CC=C1,,
259753,C1CCCCC(=O)C(CCC1)O,,
259755,C1=CC=C(C=C1)C2=NN=C(O2)C3=CC(=CC=C3)Cl,,
259756,C1=CC=C(C=C1)C2=CN=C(O2)C3=CC=CC=C3Cl,,
259758,C1=CC=C(C=C1)C2=CN=C(O2)C3=CC=C(C=C3)Cl,,
259760,C1CCC(CC1)C2=CC(=O)C3=CC=CC=C3C2=O,,
259776,CC(=O)O[C@@H]1[C@@H]([C@]2(CC[C@H]3[C@H]([C@@]24[C@@H]1O4)CC[C@]5([C@@]3(CC[C@@H](C5)O)C)O)C)C6=COC(=O)C=C6,,
259799,CC1=CC(=CC=C1)C2=NN=C(O2)C3=CC=CC4=CC=CC=C43,,
259803,C[C@]12CC[C@@H](C[C@H]1CC[C@@H]3[C@@H]2[C@@H](C[C@]4([C@@]3(CC[C@@H]4C5=COC(=O)C=C5)O)C)O)O,,
259834,CC1=CC(=C(C(=C1)C(=O)O)N)C,,
259840,C1=CC(=CC=C1C2=NN=C(O2)C3=CC=C(C=C3)F)F,,
259864,CC(=O)OC1=CC=C(C=C1)N=C2C=C(C(=O)C(=C2)Cl)Cl,,
259898,CC[C@]12CN3CCC4=C([C@](C[C@@H](C3)[C@H]1O2)(C5=C(C=C6C(=C5)[C@]78CCN9[C@H]7[C@@](C=CC9)([C@H]([C@@]([C@@H]8N6C)(C(=O)OC)O)OC(=O)C)CC)OC)C(=O)OC)NC1=CC=CC=C41,,
259922,C1=CC2=C(C=C1Br)C(=O)C3=C2C=CC(=C3)Br,,
259991,C[C@]12CC[C@@H](C[C@]1(CC[C@@H]3[C@@H]2CC[C@]4([C@@]3(CC[C@@H]4C5=COC(=O)C=C5)O)C)O)O,,
259997,CC1=CC=C(C=C1)C2=NN=C(O2)C3=CC=CC=C3,,
259998,CC1=CC(=CC=C1)C2=NN=C(O2)C3=CC=CC=C3,,
259999,CC1=CC=CC=C1C2=NN=C(O2)C3=CC=CC=C3,,
260001,CC1=CC=C(C=C1)C2=NN=C(O2)C3=CC=CC4=CC=CC=C43,,
260003,C1CCC(CC1)(CC(=O)O)C(=O)O,,
260020,C1=CC=C(C=C1)C2=CN=C(O2)C3=CC=CC=C3Br,,
260068,C1=CC=NC(=C1)C(=O)NNC(=O)C2=CC=CC=N2,,
260162,C(=O)(C(C(C(C(C(F)(F)Cl)(F)Cl)(F)F)(F)Cl)(F)F)O,,
260178,COCCNC1=C(C(=O)C2=CC=CC=C2C1=O)Cl,,
260182,CC(C)NC1=C(C(=O)C2=CC=CC=C2C1=O)Cl,,
260349,C1COCCN1C2=NC=C(C=C2)C(=O)N,,
260363,C1=CC(=C(C=C1C(=O)NCC(=O)O)Cl)Cl,,
260381,C1C(=O)N(C(=S)S1)NC2=CC=CC=C2,,
260384,C1=CC(=CN=C1)C(=O)C(=O)C2=CN=CC=C2,,
260389,CC1=C2C(=CC=C1)C(=CN2)C=O,,
260390,CNCCC1=CNC2=C1C=C(C=C2)O.C(=O)(C(=O)O)O,,
260511,C1=CC=C(C=C1)C2=CC=C(C(=O)N2)C#N,,
260532,C1=CC=C2C(=C1)N=C(S2)SCC(=O)NN,,
260535,CC[C@@]12C=CCN3[C@@H]1[C@]4(CC3)[C@H]([C@]([C@@H]2OC(=O)C)(C(=O)OC)O)N(C5=C4C=CC(=C5)OC)C,,
260556,C1=CC=C2C(=C1)C(=O)C(=C(C2=O)Cl)NC3=CC=C(C=C3)O,,
260557,CN(C)C1=CC=C(C=C1)NC2=C(C(=O)C3=CC=CC=C3C2=O)Cl,,
260648,CCOC(=O)C(C(=O)OCC)(F)F,,
260650,C(=O)(C(C(=O)N)(F)F)N,,
260708,CC1(CC1C(=O)O)C,,
260790,C1=CC=C(C=C1)CC2C(=O)NC(=O)NC2=O,,
260801,COC1=C(C=C2C(=C1)C=C(N2)C(=O)O)OCC3=CC=CC=C3,,
260809,CN1C(=O)CC(C1=O)O,,
260927,CC1=C(C=CC(=C1)C(=O)OC)[N+](=O)[O-],,
260936,C1=CC2=C(C=CN=C2)C(=C1)C(=O)O,,
260950,C1=CC=C2C(=C1)C(=O)N(C2=O)CCCC#N,,
261000,C[C@@]1(CC[C@@H]2[C@@]1(C=CC3=C4CCC(=O)C=C4CC[C@@H]23)C)O,,
261066,CN1C2=CC=CC=C2C3=C1C4=C(C=C3)C(=O)C=CC4=O,,
261075,CC(=O)O[C@H]1CC[C@@]2([C@H]3CC[C@@]4([C@H](CC[C@@]4([C@@H]3CC[C@@]2(C1)O)O)C5=CC(=O)OC5)C)C=O,,
261131,C1=C(C(=O)NC1=O)C2C(C(C(O2)CO)O)O,,
261132,C1=CC=C(C=C1)C(=O)OC2=C(C(=O)C(=C(C2=O)C3=CC=C(C=C3)O)OC(=O)C4=CC=CC=C4)C5=CC=C(C=C5)O,,
261201,C1=CC=C(C=C1)C2=NOC(=C2)N,,
261258,CC12CCC3C(C1CC=C2)CCC4=CC(=O)CCC34C,,
261365,CC1C2C3CCC(=O)C3(CCC2C4(C1=CC(=O)CC4)C)C,,
261367,CC1=C(C(=O)C2=C(O1)C=C(C=C2)OC(=O)C)C3=CC=C(C=C3)OC,,
261391,C1=CC=C2C(=C1)C(=O)C=C(O2)C3=CC=C(C=C3)F,,
261394,C1=CC=C(C=C1)C2=CC(=O)C3=C(O2)C=C(C=C3)F,,
261395,C1=CC=C(C=C1)C2=CC(=O)C3=C(O2)C=CC(=C3)F,,
261400,C1=CC=C2C(=C1)C(=O)C=C(O2)C3=CC=CC=C3F,,
261410,CC1=C(C(=NO1)C)[N+](=O)[O-],,
261414,C1=CC=C(C=C1)CCNC(=O)CC#N,,
261419,C1=CC=C(C=C1)N2C=NNC2=O,,
261491,C[C@@H]1[C@H]2C[C@]2(CC1=O)C(C)C,,
261501,CCOC(=O)C1=CC(=CC=C1)N.CS(=O)(=O)O,,
261502,CCOC(=O)C1=CN=C2N=CNN2C1=O,,
261524,C(C(=O)O)S(=O)(=O)CC(=O)O,,
261527,C1=CC=C(C(=C1)NC=O)O,,
261531,COC(=O)C1CC2CCC1C2,,
261539,C1COCCN1C(=O)CC(=O)N2CCOCC2,,
261553,CCOC(=O)C1=CC=C(C=C1)C2=CC=C(C=C2)C(=O)OCC,,
261617,CC1C2=C(CCN1C(=O)C)C3=C(N2)C=C(C=C3)OC,,
261627,C=CCC1=C(C(=CC=C1)C(=O)O)O,,
261630,CC1=C(C(=C(C=C1)C)O)C(=O)O,,
261668,C1=CC=C(C=C1)C(=O)OCCCCCCOC(=O)C2=CC=CC=C2,,
261675,C1CC(=O)C2C1C3CC2C=C3,,
261859,COC1=CC(=CC(=C1OC)OC)C2=CC(=O)C3=C(C(=C(C(=C3O2)OC)OC)OC)O,,
261865,C1=CC=C(C=C1)C2=CC=CC=C2CC(C(=O)O)C(=O)O,,
261887,COC(=O)C1=CC(=CN1)[N+](=O)[O-],,
261943,CC1C(C(CC(O1)O[C@H]2CC[C@]3([C@@H](C2)CC[C@@H]4[C@@H]3CC[C@]5([C@@]4(C[C@@H]([C@@H]5C6=CC(=O)OC6)OC(=O)C)O)C)C)OC)O,,
262093,C1=CC=C2C(=C1)C(=O)C(=C(C2=O)SCCO)SCCO,,
262097,CC1C(C2=C(O1)C3=CC=CC=C3C(=O)C2=O)(C)C,,
262101,CC1=CC(=NN1C(=O)CC#N)C,,
262103,C1=CC=C2C(=C1)C(=O)N(C2=O)CC(CCl)O,,
262104,C1=CC=C(C=C1)CN2C=C(C3=CC=CC=C32)C=O,,
262230,C1CS(=O)(=O)CCC1=O,,
262235,C1C2=C(C=C(C=C2)Br)C(=O)O1,,
262237,COC1=C(C(=C(C=C1)Br)C=O)O,,
262238,COC1=CC(=CC(=C1O)C=O)Br,,
262319,C1=CC=C(C=C1)C(=O)N2C3=CC=CC=C3SC4=CC=CC=C42,,
262369,CC(=O)OC1=CC=C(C=C1)C2=CC=C(C=C2)Br,,
262400,CSC1=C(C=CC=N1)C(=O)O,,
262404,C1=CC(=CC(=C1)Br)C=C2C(=O)NC(=O)NC2=O,,
262410,C1=CC(=CC(=C1)[N+](=O)[O-])C=C2C(=O)NC(=O)NC2=O,,
262424,C1=CC=C2C=C(C=CC2=C1)C=C3C(=O)NC(=O)NC3=O,,
262502,CC1CCC2(C(C3C(O2)CC4C3(CCC5C4CC=C6C5(CCC(C6)OC(=O)C)C)C)C)NC1,,
262504,C1C(=O)NC(=O)N(C1=O)C2=CC=CC=C2,,
262558,CC(C(C(=O)O)NC1=C(C=C(C=C1)[N+](=O)[O-])[N+](=O)[O-])O,,
262620,CCOC(=O)C1=CC(=C2C=CC=CN2C1=O)C(=O)OCC,,
262634,C1CCN(CC1)CCCCC(=O)C2=CC=CC=C2,,
262649,C1=CC=C(C=C1)C(=O)N2C(C=CC3=C2C=CC4=CC=CC=C43)C#N,,
262685,C1=CC=C(C=C1)C2=NOC(=O)C3=CC=CC=C32,,
262695,C1CCN(CC1)CN2C3=CC=CC=C3C(=O)C2=O,,
262696,C1COCCN1CN2C3=CC=CC=C3C(=O)C2=O,,
262706,C1=CC(=CC=C1C=O)OCCBr,,
262719,CC(=O)SCCC(=O)O,,
262767,C1=CC=C(C=C1)C(C2=CC=CC=C2)(C3=CC=CC=C3)SCCC(=O)O,,
262852,CCOC(=O)CC[Si](C)(C)C,,
262902,C(CC(=O)O)C1=C(C(=C(C(=C1F)F)F)F)F,,
262903,C1=CC2=C(C=C1F)NC=C2C=O,,
262909,C1CCC(CC1)(C2=CC=CC=C2)NC=O,,
262936,CS(=O)(=O)ON1C(=O)C2=CC=CC=C2C1=O,,
262943,C1=CC=C(C=C1)C2=CC=C(C=C2)C(=O)NCC(=O)O,,
262953,C1=CC=C(C(=C1)C2=NC3=CC=CC=C3NC2=O)N,,
263032,CC1=CCC(C(C1)C(=O)O)C(=O)O,,
263034,C1=COC(=C1)COCC2=CC=CO2,,
263035,CCOC(=O)C1=CC=CC(=C1O)C,,
263045,CCCCCCCCCCCCN.CC(=O)O,,
263071,CC1=CC(=CC(=C1O)C(=O)O)C(=C2C=C(C(=O)C(=C2)C(=O)O)C)C3=CC(=C(C(=C3)C)O)C(=O)O,,
263086,C(CC(=O)O)C#N,,
263087,CSCCC(=O)N,,
263099,CC1=CC=CC=C1C2=NC3=CC=CC=C3C(=O)N2C,,
263122,C1C2=CC=CC=C2C(=O)OC1(C3=CC=CC=C3)C4=CC=CC=C4,,
263158,C1COC(O1)C2=CC=CO2,,
263159,C=CCC(=O)OCC=C,,
263161,C1CC(OC1)CCC(=O)O,,
263166,CCOC(=O)C1=CC=C(O1)CCl,,
263172,C=COC(=O)C1=CC=CC=C1O,,
263211,CC1=CC=C(C=C1)C(=O)O[C@@H]([C@@H](C(=O)O)OC(=O)C2=CC=C(C=C2)C)C(=O)O,,
263217,CCOC(=O)NC1=CC=C(C=C1)Br,,
263251,COC1=CC=CC=C1C2=CC=CC=C2C(=O)O,,
263305,CC1(C2=CC=CC=C2C(=O)O1)C3=CC=CC4=CC=CC=C43,,
263363,C1=CC=C(C=C1)CCCC(=O)N,,
263373,C1=CC=C(C=C1)C2=CC=CC=C2CC(=O)O,,
263426,CC1(C2=C(CC(N1)C(=O)O)C3=CC=CC=C3N2)C(=O)O,,
263465,C(CN)C(=O)NCCC(=O)O,,
263471,C1=CC=C2C(=C1)C(=CN2)CC(C(=O)NCC(=O)O)N,,
263475,CC(C(=O)O)NC(=O)C(CC1=CNC2=CC=CC=C21)N,,
263529,C1=CC=C(C=C1)CC2=C(C3=CC=CC=C3C(=O)C2=O)O,,
263609,C=CC(=O)NC1=CC=C(C=C1)Br,,
263620,CCOC(=O)C(C)C(C)OC(=O)C,,
263631,C(#N)C(C(=O)N)Br,,
263654,C1CCC(=C(C#N)C(=O)N)CC1,,
263692,CC(=O)C1=CC=C(C=C1)C2CC2,,
263942,C1C2CC3CC1CC(C2)(C3)NC(=O)NCCO,,
263965,C1=CC2=C(C=C1[N+](=O)[O-])NC(=O)O2,,
264060,C1=CC=C(C=C1)C(=O)CSC2=NC3=CC=CC=C3S2,,
264070,CC1(C(CC2=C(O1)C3=CC=CC=C3C(=O)C2=O)Br)C,,
264105,CCOC(=O)C1=C(SC2=C1CCC2)N,,
264106,C1CCC2=C(C1)C=CC(=O)N2,,
264120,CC1=CC2=C(C=CC(=O)O2)C=C1[N+](=O)[O-],,
264182,C1=CC=C(C=C1)CSC2=CC=CC=C2C(=O)O,,
264222,COCC(=O)NC1=CC=CC=C1,,
